"Source:","D:\Bhavay\Hardware_Developmen_WORK-SPACE\KiCad_BHAVAY\PROJECT'S\TATA-340-PP-40\TATA340PP40-MCU\MCU-BOARD-CAN-MCP2515.kicad_sch"
"Date:","06-06-2023 08:53:24"
"Tool:","Eeschema 7.0.2"
"Generator:","C:\Program Files\KiCad\7.0\bin\scripting\plugins/bom_csv_grouped_by_value.py"
"Component Count:","52"

"Collated Components:"

"Item","Qty","Reference(s)","Value","LibPart","Footprint","Datasheet","DNP"
"1","4","C1, C6, C8, C9","22pF","Device:C","Capacitor_SMD:C_0805_2012Metric_Pad1.18x1.45mm_HandSolder","https://www.mouser.in/ProductDetail/KEMET/C0805C220K5RACTU?qs=1JqqoYsYnNdP3avX0hreIQ%3D%3D",""
"2","1","C2","220uF","Device:C_Polarized","Capacitor_SMD:CP_Elec_10x10.5","https://www.mouser.in/ProductDetail/KEMET/EXV227M035A9PAA?qs=sGAEpiMZZMvwFf0viD3Y3W%252BPOYTcRClYTM647XxJnfQ%3D",""
"3","2","C3, C4","100uF","Device:C_Polarized","Capacitor_SMD:CP_Elec_8x10.5","https://www.mouser.in/ProductDetail/KEMET/EDK107M050A9MAA?qs=T9vdlufmP8zlkRU6Q06dLQ%3D%3D",""
"4","4","C5, C7, C10, C12","0.1uF","Device:C_Small","Capacitor_SMD:C_0201_0603Metric_Pad0.64x0.40mm_HandSolder","https://www.mouser.in/ProductDetail/KYOCERA-AVX/0603ZC104JAT2A?qs=pf7pOjfHGZZ1uXl79JL8AQ%3D%3D",""
"5","1","C11","10uF","Device:C_Small","Capacitor_SMD:CP_Elec_5x5.4","https://www.mouser.in/ProductDetail/KEMET/EXV106M035A9DAA?qs=sGAEpiMZZMvwFf0viD3Y3alQ38YpLRN%252BeEIK5%252BOqz4c%3D",""
"6","1","D1","SS54","Device:D_Schottky","Bhavay_footprint_libraryy:SS54-HF","https://www.mouser.in/ProductDetail/Comchip-Technology/SS54-HF?qs=GBLSl2AkiruU27AsKMcmrg%3D%3D",""
"7","1","D2","LED-G",":LED_1","LED_SMD:LED_1206_3216Metric_Pad1.42x1.75mm_HandSolder","https://www.mouser.in/ProductDetail/Wurth-Elektronik/150120VS75000?qs=LlUlMxKIyB19Jz1m%2F52oVA%3D%3D",""
"8","1","D3","LED-O","Device:LED","LED_SMD:LED_1206_3216Metric_Pad1.42x1.75mm_HandSolder","https://www.mouser.in/ProductDetail/Lite-On/LTST-C150KAKT?qs=Z3CaLxJiOJI8YYCkdyNq2A%3D%3D",""
"9","1","D4","LED-R","Device:LED","LED_SMD:LED_1206_3216Metric_Pad1.42x1.75mm_HandSolder","https://www.mouser.in/ProductDetail/Wurth-Elektronik/150120RS75000?qs=2kOmHSv6VfSstSh2FOQbDw%3D%3D",""
"10","1","D5","LED-G","Device:LED","LED_SMD:LED_1206_3216Metric_Pad1.42x1.75mm_HandSolder","https://www.mouser.in/ProductDetail/Wurth-Elektronik/150120VS75000?qs=LlUlMxKIyB19Jz1m%2F52oVA%3D%3D",""
"11","1","J1","DE9_Plug-male","Connector:DE9_Plug","Connector_Dsub:DSUB-9_Male_Vertical_P2.77x2.84mm_MountingHoles","https://www.electronicscomp.com/db9-male-right-angle-connector-9-pin-pcb-mount",""
"12","2","J2, J3","Conn_01x04_Pin","Connector:Conn_01x04_Pin","Connector_PinHeader_2.54mm:PinHeader_1x04_P2.54mm_Vertical","2.54mm Male header",""
"13","1","J5","Conn_01x06_Pin","Connector:Conn_01x06_Pin","Connector_PinHeader_2.54mm:PinHeader_1x06_P2.54mm_Vertical","~",""
"14","1","JP1","Jumper_2_Open","Jumper:Jumper_2_Open","Jumper:SolderJumper-2_P1.3mm_Open_RoundedPad1.0x1.5mm","Solder jumper - not a component",""
"15","1","L1","68uH","Device:L","Bhavay_footprint_libraryy:INDPM7973X540N-68uH","https://www.mouser.in/ProductDetail/Bourns/SRP7050WA-680M?qs=sGAEpiMZZMv126LJFLh8y%2FJ75n8E1mNFNPFMmUXOw6k%3D",""
"16","4","R1, R7, R8, R9","150R","Device:R","Resistor_SMD:R_0805_2012Metric_Pad1.20x1.40mm_HandSolder","https://www.mouser.in/ProductDetail/Panasonic/ERJ-P06J151V?qs=sGAEpiMZZMvdGkrng054tyma4zZtxHY1skC23OD0dxk%3D",""
"17","1","R2","120R","Device:R","Resistor_SMD:R_1206_3216Metric_Pad1.30x1.75mm_HandSolder","https://www.mouser.in/ProductDetail/TE-Connectivity-Holsworthy/CRGH1206F120R?qs=sGAEpiMZZMvdGkrng054t68dcO8cnautXUpeONKNN%2F3T3sfqli3cYA%3D%3D",""
"18","2","R3, R10","10K","Device:R","Resistor_SMD:R_0805_2012Metric_Pad1.20x1.40mm_HandSolder","https://www.mouser.in/ProductDetail/YAGEO/RP0805FRE0710KL?qs=sGAEpiMZZMvdGkrng054t2cqbZCzJY7NKvWDWh4TzhnuJ6M3GT1GiA%3D%3D",""
"19","1","R4","4.7K","Device:R","Resistor_SMD:R_0805_2012Metric_Pad1.20x1.40mm_HandSolder","https://www.mouser.in/ProductDetail/Vishay-Dale/RCC08054K70FKEA?qs=sGAEpiMZZMvdGkrng054twKDKoBh%252BscnarJfqhtX8PHwyhtoqyz%2FUg%3D%3D",""
"20","2","R5, R6","5.6K","Device:R","Resistor_SMD:R_0805_2012Metric_Pad1.20x1.40mm_HandSolder","https://www.mouser.in/ProductDetail/ROHM-Semiconductor/ESR10EZPJ562?qs=sGAEpiMZZMvdGkrng054t4QdAY%2FQ0LwevnBRJir5D7c%3D",""
"21","1","TP1","5V_FILT TP","Connector:TestPoint_Flag","TestPoint:TestPoint_Pad_D1.0mm","~",""
"22","1","TP2","GND-TP","Connector:TestPoint_Flag","TestPoint:TestPoint_Pad_D1.0mm","~",""
"23","1","TP3","CAN_H TP","Connector:TestPoint_Flag","TestPoint:TestPoint_Pad_D1.0mm","~",""
"24","1","TP4","CAN_L TP","Connector:TestPoint_Flag","TestPoint:TestPoint_Pad_D1.0mm","~",""
"25","1","TP5","ADC-B1 TP","Connector:TestPoint_Flag","TestPoint:TestPoint_Pad_D1.0mm","~",""
"26","1","TP6","CH-I TP","Connector:TestPoint_Flag","TestPoint:TestPoint_Pad_D1.0mm","~",""
"27","1","TP7","T-B1 TP","Connector:TestPoint_Flag","TestPoint:TestPoint_Pad_D1.0mm","~",""
"28","1","TP8","ADC-B2 TP","Connector:TestPoint_Flag","TestPoint:TestPoint_Pad_D1.0mm","~",""
"29","1","TP9","T-B2 TP","Connector:TestPoint_Flag","TestPoint:TestPoint_Pad_D1.0mm","~",""
"30","1","TP10","24V TP","Connector:TestPoint_Flag","TestPoint:TestPoint_Pad_D1.0mm","~",""
"31","1","U1","LM2596S-5","Regulator_Switching:LM2596S-5","Package_TO_SOT_SMD:TO-263-5_TabPin3","https://www.mouser.in/ProductDetail/Texas-Instruments/LM2596S-5.0-NOPB?qs=X1J7HmVL2ZHVjCOmW%252BYINA%3D%3D",""
"32","1","U2","ATmega328P-A","MCU_Microchip_ATmega:ATmega328P-A","Package_QFP:TQFP-32_7x7mm_P0.8mm","https://www.mouser.in/ProductDetail/Microchip-Technology/ATMEGA328P-AU?qs=K8BHR703ZXiCmmgp6%2FGNmQ%3D%3D",""
"33","1","U3","MCP2515-xSO","Interface_CAN_LIN:MCP2515-xSO","Package_SO:SOIC-18W_7.5x11.6mm_P1.27mm","https://www.mouser.in/ProductDetail/Microchip-Technology/MCP2515T-E-SO?qs=YUl711QUJY3%2FLJ5ChGwQqA%3D%3D",""
"34","1","U4","TJA1050T","Bhavay's_Library:TJA1050T","Package_SO:SOIC-8_3.9x4.9mm_P1.27mm","https://www.mouser.in/ProductDetail/NXP-Semiconductors/TJA1050T-CM118?qs=5XOdhvmYM0NFFspw0VP5sA%3D%3D",""
"35","1","U5","PESD1CAN","Bhavay's_Library:PESD1CAN","Package_TO_SOT_SMD:SOT-23_Handsoldering","https://www.mouser.in/ProductDetail/Nexperia/PESD1CAN215?qs=LOCUfHb8d9vzREMT8aTFcw%3D%3D",""
"36","1","U6","TATA340PP-6PIN B1","Bhavay's_Library:TATA-6_PIN","Connector_IDC:IDC-Header_2x03_P2.54mm_Vertical","https://www.ktron.in/product/6-pin-box-header-straight-male-3-x-2-pin/?utm_term=&hsa_acc=6332829093&hsa_cam=18276269511&hsa_grp=&hsa_ad=&hsa_src=x&hsa_tgt=&hsa_kw=&hsa_mt=&hsa_net=adwords&hsa_ver=3",""
"37","1","U7","TATA340PP-6PIN B2","Bhavay's_Library:TATA-6_PIN","Connector_IDC:IDC-Header_2x03_P2.54mm_Vertical","https://www.ktron.in/product/6-pin-box-header-straight-male-3-x-2-pin/?utm_term=&hsa_acc=6332829093&hsa_cam=18276269511&hsa_grp=&hsa_ad=&hsa_src=x&hsa_tgt=&hsa_kw=&hsa_mt=&hsa_net=adwords&hsa_ver=3",""
"38","1","Y1","8MHz","Device:Crystal_Small","Bhavay_footprint_libraryy:8MHz-SMD-TATA","https://www.mouser.in/ProductDetail/ECS/ECS-80-20-5PXDU-TR?qs=eaCru7lM%2FWMQoFggJ53GlQ%3D%3D",""
"39","1","Y3","16MHz","Device:Crystal_GND24","Bhavay_footprint_libraryy:LFXTAL061480Reel","https://www.mouser.in/ProductDetail/IQD/LFXTAL061480Reel?qs=P0I6NS6hZyQL695mDyEy%2FQ%3D%3D",""
