Ref,Val,Package,PosX,PosY,Rot,Side
"C2","0.01uF","C_0603_1608Metric_Pad1.08x0.95mm_HandSolder",32.972500,-59.300000,180.000000,bottom
"C3","0.1uF","C_0603_1608Metric_Pad1.08x0.95mm_HandSolder",52.962500,-37.640000,180.000000,bottom
"C4","0.01uF","C_0603_1608Metric_Pad1.08x0.95mm_HandSolder",20.282500,-15.530000,180.000000,bottom
"C5","0.01uF","C_0603_1608Metric_Pad1.08x0.95mm_HandSolder",73.815000,3.615000,0.000000,bottom
"C6","0.1uF","C_0603_1608Metric_Pad1.08x0.95mm_HandSolder",51.282500,-24.780000,180.000000,bottom
"C7","22pF","C_0805_2012Metric_Pad1.18x1.45mm_HandSolder",49.485000,-15.452500,90.000000,bottom
"C8","0.01uF","C_0603_1608Metric_Pad1.08x0.95mm_HandSolder",68.552500,3.565000,0.000000,bottom
"C9","0.01uF","C_0603_1608Metric_Pad1.08x0.95mm_HandSolder",37.365000,7.530000,90.000000,bottom
"C10","22pF","C_0805_2012Metric_Pad1.18x1.45mm_HandSolder",63.335000,-15.902500,90.000000,bottom
"C11","0.1uF","C_0603_1608Metric_Pad1.08x0.95mm_HandSolder",45.035000,-31.220000,-90.000000,bottom
"C13","22pF","C_0805_2012Metric_Pad1.18x1.45mm_HandSolder",84.885000,-45.220000,-90.000000,bottom
"C14","4.7uF","C_1206_3216Metric_Pad1.33x1.80mm_HandSolder",39.715000,6.840000,-90.000000,bottom
"C15","22pF","C_0805_2012Metric_Pad1.18x1.45mm_HandSolder",84.935000,-49.240000,-90.000000,bottom
"C26","10uF","C_1210_3225Metric_Pad1.33x2.70mm_HandSolder",66.545000,-34.590000,0.000000,bottom
"C27","0.1uF","C_0603_1608Metric_Pad1.08x0.95mm_HandSolder",65.775000,-37.020000,0.000000,bottom
"C28","10uF","C_1210_3225Metric_Pad1.33x2.70mm_HandSolder",68.395000,9.150000,0.000000,bottom
"C29","4.7uF","C_1206_3216Metric_Pad1.33x1.80mm_HandSolder",73.925000,8.860000,0.000000,bottom
"C30","0.1uF","C_0603_1608Metric_Pad1.08x0.95mm_HandSolder",71.445000,-1.142500,-90.000000,bottom
"C31","0.1uF","C_0603_1608Metric_Pad1.08x0.95mm_HandSolder",85.965000,-1.145000,-90.000000,bottom
"D1","M7","D_SMA",45.795000,8.590000,0.000000,bottom
"D2","LED-R","LED_1206_3216Metric_Pad1.42x1.75mm_HandSolder",75.347500,-33.220000,180.000000,bottom
"D3","LED-G","LED_1206_3216Metric_Pad1.42x1.75mm_HandSolder",75.327500,-28.440000,180.000000,bottom
"J1","DE9_Plug-male","DSUB-9_Male_Vertical_P2.77x2.84mm_MountingHoles",57.485000,-2.300000,180.000000,bottom
"L1","744042006","WE-TPC_4818_482892-6.9uH",33.003000,6.860000,180.000000,bottom
"R1","5.6K","R_0805_2012Metric_Pad1.20x1.40mm_HandSolder",71.355000,-25.040000,0.000000,bottom
"R2","5.6K","R_0805_2012Metric_Pad1.20x1.40mm_HandSolder",71.355000,-22.520000,0.000000,bottom
"R3","5.6K","R_0805_2012Metric_Pad1.20x1.40mm_HandSolder",71.335000,-20.010000,0.000000,bottom
"R4","10K","R_0805_2012Metric_Pad1.20x1.40mm_HandSolder",43.135000,-31.020000,-90.000000,bottom
"R5","150R","R_0805_2012Metric_Pad1.20x1.40mm_HandSolder",75.835000,-35.580000,180.000000,bottom
"R6","150R","R_0805_2012Metric_Pad1.20x1.40mm_HandSolder",75.825000,-30.860000,180.000000,bottom
"R7","10K","R_0805_2012Metric_Pad1.20x1.40mm_HandSolder",62.495000,-38.050000,90.000000,bottom
"R8","5.6K","R_0805_2012Metric_Pad1.20x1.40mm_HandSolder",71.335000,-17.460000,0.000000,bottom
"R10","1K","R_0603_1608Metric_Pad0.98x0.95mm_HandSolder",50.595000,-43.090000,180.000000,bottom
"R11","1K","R_0603_1608Metric_Pad0.98x0.95mm_HandSolder",48.087500,-41.240000,180.000000,bottom
"S3","AARTECH LOGO","AARTECH NAME SYMBOL",24.284650,-24.805267,180.000000,bottom
"U2","ATmega328P-A","TQFP-32_7x7mm_P0.8mm",52.113000,-31.306000,-90.000000,bottom
"U7","MCP2515-xSO","SOIC-18W_7.5x11.6mm_P1.27mm",69.545000,-44.120000,180.000000,bottom
"U10","PESD1CAN","SOT-23_Handsoldering",70.705000,-5.580000,-90.000000,bottom
"U11","TJA1052i-5","SOIC-16W_7.5x10.3mm_P1.27mm",78.905000,-4.715000,180.000000,bottom
"Y1","16MHz","Crystal_HC49-4H_Vertical",81.025000,-49.730000,90.000000,bottom
"Y2","16MHz","LFXTAL061480Reel",56.455000,-15.680000,0.000000,bottom
"Z1","BZX384C4V7-E3-08","SOD2713X115N",51.197000,-22.560000,180.000000,bottom
"Z3","BZX384C4V7-E3-08","SOD2713X115N",32.673000,-62.010000,180.000000,bottom
"Z4","BZX384C4V7-E3-08","SOD2713X115N",66.135000,-31.390000,0.000000,bottom
"C1","100uF","CP_Elec_8x10.5",42.805000,-18.320000,90.000000,top
"C12","0.1uF","C_0603_1608Metric_Pad1.08x0.95mm_HandSolder",67.872500,-40.320000,0.000000,top
"J2","Conn_01x04_Pin","PinHeader_1x04_P2.54mm_Vertical",40.295000,-27.350000,0.000000,top
"J5","Conn_01x06_Pin","PinHeader_1x06_P2.54mm_Vertical",58.115000,-37.870000,0.000000,top
"J6","Conn_01x02_Pin","PinHeader_1x02_P2.54mm_Vertical",46.475000,-45.525000,0.000000,top
"J7","Conn_01x02_Pin","PinHeader_1x02_P2.54mm_Vertical",51.505000,-45.495000,0.000000,top
"PS1","RS6-2415S","RS62415S",33.845000,-7.710000,180.000000,top
"PS2","MORNSUN B0505S 1WR3","Converter_DCDC_Murata_MEE1SxxxxSC_THT",74.875000,6.215000,-90.000000,top
"R9","120R","R_1206_3216Metric_Pad1.30x1.75mm_HandSolder",60.595000,-1.140000,-90.000000,top
"RV1","3296Z-1-505LF","Potentiometer_Bourns_3296Z_Horizontal",27.755000,2.800000,-90.000000,top
"SW1","Device_Address","4pinDIPSwitch",72.375000,-11.210000,0.000000,top
"U5","LM2596-ADJ MODULE","YAAJ_DCDC_StepDown_LM2596",34.445000,-15.540000,-90.000000,top
"U6","TATA340PP-6PIN B1","IDC-Header_2x03_P2.54mm_Vertical",49.345000,-60.630000,90.000000,top
